App,Category,Rating,Reviews,Size,Installs,Type,Price,Content Rating,Genres,Last Updated,Negative,Neutral,Positive,AVG_Pol,AVG_Sub,Last Updated Mois,Last Updated Jour,Last Updated Annee
10 Best Foods for You,HEALTH_AND_FITNESS,4.0,2490.0,3891.2,500000,Free,0.0,Everyone 10+,Health & Fitness,"February 17, 2017",10.0,22.0,168.0,0.47,0.5,February,17,2017
1800 Contacts - Lens Store,MEDICAL,4.7,23160.0,26624.0,1000000,Free,0.0,Everyone,Medical,"July 27, 2018",6.0,10.0,64.0,0.32,0.59,July,27,2018
2017 EMRA Antibiotic Guide,MEDICAL,4.4,12.0,3891.2,1000,Paid,16.99,Everyone,Medical,"January 27, 2017",0.0,0.0,0.0,0.0,0.0,January,27,2017
21-Day Meditation Experience,HEALTH_AND_FITNESS,4.4,11506.0,15360.0,100000,Free,0.0,Everyone,Health & Fitness,"August 2, 2018",10.0,2.0,68.0,0.26,0.55,August,2,2018
420 BZ Budeze Delivery,MEDICAL,5.0,2.0,11264.0,100,Free,0.0,Mature 17+,Medical,"June 6, 2018",0.0,0.0,0.0,0.0,0.0,June,6,2018
8fit Workouts & Meal Planner,HEALTH_AND_FITNESS,4.6,115721.0,68608.0,10000000,Free,0.0,Everyone,Health & Fitness,"July 11, 2018",19.0,15.0,146.0,0.26,0.53,July,11,2018
A Manual of Acupuncture,MEDICAL,3.5,214.0,69632.0,1000,Paid,33.99,Everyone,Medical,"October 2, 2017",0.0,0.0,0.0,0.0,0.0,October,2,2017
A&E - Watch Full Episodes of TV Shows,ENTERTAINMENT,4.0,29706.0,19456.0,1000000,Free,0.0,Teen,Entertainment,"July 16, 2018",3.0,5.0,30.0,0.35,0.5,July,16,2018
AAFP,MEDICAL,3.8,63.0,24576.0,10000,Free,0.0,Everyone,Medical,"June 22, 2018",0.0,0.0,0.0,0.0,0.0,June,22,2018
ABC News - US & World News,NEWS_AND_MAGAZINES,4.0,18976.0,35840.0,1000000,Free,0.0,Everyone 10+,News & Magazines,"June 6, 2018",39.0,23.0,18.0,-0.04,0.41,June,6,2018
ASCCP Mobile,MEDICAL,4.5,63.0,25600.0,10000,Paid,9.99,Everyone,Medical,"October 3, 2016",0.0,0.0,0.0,0.0,0.0,October,3,2016
Accounting App - Zoho Books,BUSINESS,4.5,3079.0,8704.0,100000,Free,0.0,Everyone,Business,"August 2, 2018",6.0,9.0,65.0,0.45,0.52,August,2,2018
AdWords Express,BUSINESS,4.1,7149.0,11264.0,1000000,Free,0.0,Everyone,Business,"July 31, 2018",2.0,28.0,20.0,0.19,0.27,July,31,2018
Ada - Your Health Guide,MEDICAL,4.7,87418.0,14336.0,1000000,Free,0.0,Everyone,Medical,"July 16, 2018",5.0,4.0,71.0,0.3,0.56,July,16,2018
Adult Dirty Emojis,DATING,2.8,80.0,5632.0,10000,Free,0.0,Teen,Dating,"November 6, 2017",0.0,0.0,0.0,0.0,0.0,November,6,2017
Advanced Comprehension Therapy,MEDICAL,4.2,3.0,63488.0,100,Paid,24.99,Everyone,Medical,"October 5, 2017",0.0,0.0,0.0,0.0,0.0,October,5,2017
Airway Ex - Intubate. Anesthetize. Train.,MEDICAL,4.3,123.0,88064.0,10000,Free,0.0,Everyone,Medical,"June 1, 2018",8.0,6.0,26.0,0.22,0.49,June,1,2018
All Mental disorders,MEDICAL,4.5,453.0,11264.0,100000,Free,0.0,Everyone,Medical,"July 7, 2017",12.0,10.0,58.0,0.2,0.42,July,7,2017
American Airlines,TRAVEL_AND_LOCAL,3.7,16980.0,22032.55340623291,5000000,Free,0.0,Everyone,Travel & Local,"July 18, 2018",19.0,4.0,20.0,-0.08,0.48,July,18,2018
AnatomyMapp,MEDICAL,4.1,80.0,49152.0,5000,Paid,14.99,Everyone,Medical,"November 5, 2013",0.0,0.0,0.0,0.0,0.0,November,5,2013
Android Messages,COMMUNICATION,4.2,781810.0,22032.55340623291,100000000,Free,0.0,Everyone,Communication,"August 1, 2018",16.0,4.0,23.0,0.07,0.51,August,1,2018
Anthem Anywhere,MEDICAL,2.7,2657.0,24576.0,500000,Free,0.0,Everyone,Medical,"July 27, 2018",43.0,18.0,19.0,-0.09,0.39,July,27,2018
Anthem BC Anywhere,MEDICAL,2.6,496.0,24576.0,100000,Free,0.0,Everyone,Medical,"July 27, 2018",21.0,11.0,8.0,-0.12,0.37,July,27,2018
"Any.do: To-do list, Calendar, Reminders & Planner",PRODUCTIVITY,4.5,298854.0,22032.55340623291,10000000,Free,0.0,Everyone,Productivity,"August 5, 2018",13.0,11.0,74.0,0.22,0.45,August,5,2018
"Apartment List: Housing, Apt, and Property Rentals",HOUSE_AND_HOME,4.5,8481.0,7680.0,1000000,Free,0.0,Everyone,House & Home,"August 3, 2018",2.0,3.0,75.0,0.47,0.58,August,3,2018
Apartments.com Rental Search,HOUSE_AND_HOME,4.3,22584.0,16384.0,1000000,Free,0.0,Everyone,House & Home,"July 16, 2018",19.0,18.0,43.0,0.07,0.41,July,16,2018
Asana: organize team projects,BUSINESS,4.3,20815.0,10240.0,1000000,Free,0.0,Everyone,Business,"July 26, 2018",5.0,5.0,33.0,0.23,0.52,July,26,2018
Avokiddo Emotions,FAMILY,4.6,73.0,12288.0,1000,Paid,2.99,Everyone,Education;Pretend Play,"May 21, 2018",0.0,0.0,0.0,0.0,0.0,May,21,2018
BBC News,NEWS_AND_MAGAZINES,4.3,296781.0,22032.55340623291,10000000,Free,0.0,Everyone 10+,News & Magazines,"July 24, 2018",18.0,8.0,37.0,0.1,0.39,July,24,2018
BBW Dating & Curvy Singles Chat- LargeFriends,DATING,4.4,218.0,27648.0,10000,Free,0.0,Mature 17+,Dating,"July 23, 2018",16.0,14.0,50.0,0.18,0.46,July,23,2018
BBW Dating & Plus Size Chat,DATING,4.4,12632.0,29696.0,1000000,Free,0.0,Mature 17+,Dating,"July 27, 2018",27.0,15.0,78.0,0.13,0.49,July,27,2018
BET NOW - Watch Shows,ENTERTAINMENT,4.2,14807.0,19456.0,1000000,Free,0.0,Teen,Entertainment,"July 8, 2018",30.0,51.0,39.0,0.05,0.41,July,8,2018
BP Journal - Blood Pressure Diary,MEDICAL,5.0,6.0,26624.0,1000,Free,0.0,Everyone,Medical,"May 25, 2018",0.0,0.0,0.0,0.0,0.0,May,25,2018
Babbel â€“ Learn Languages,EDUCATION,4.3,266948.0,21504.0,10000000,Free,0.0,Everyone,Education,"July 30, 2018",3.0,11.0,34.0,0.39,0.5,July,30,2018
Baby Panda Care,FAMILY,4.2,108795.0,50176.0,10000000,Free,0.0,Everyone,Educational;Pretend Play,"June 15, 2018",10.0,8.0,62.0,0.17,0.54,June,15,2018
Badoo - Free Chat & Dating App,SOCIAL,4.3,3781770.0,22032.55340623291,100000000,Free,0.0,Mature 17+,Social,"August 2, 2018",27.0,35.0,58.0,0.13,0.42,August,2,2018
Banfield Pet Health Tracker,MEDICAL,4.2,1747.0,6041.6,100000,Free,0.0,Everyone,Medical,"October 17, 2016",28.0,6.0,46.0,0.08,0.5,October,17,2016
Beautiful Widgets Pro,PERSONALIZATION,4.2,97890.0,14336.0,1000000,Paid,2.49,Everyone,Personalization,"August 24, 2016",5.0,2.0,33.0,0.18,0.5,August,24,2016
BeautyPlus - Easy Photo Editor & Selfie Camera,PHOTOGRAPHY,4.4,3158151.0,54272.0,100000000,Free,0.0,Everyone,Photography,"July 31, 2018",0.0,2.0,2.0,0.3,0.3,July,31,2018
Bita and the Animals - Pelos Ares,FAMILY,4.4,1160.0,37888.0,100000,Free,0.0,Everyone,Education;Music & Video,"May 22, 2013",0.0,0.0,0.0,0.0,0.0,May,22,2013
Black People Meet Singles Date,DATING,3.9,10212.0,5120.0,1000000,Free,0.0,Mature 17+,Dating,"July 25, 2018",4.0,5.0,19.0,0.25,0.51,July,25,2018
"Bleacher Report: sports news, scores, & highlights",SPORTS,4.4,122282.0,22032.55340623291,5000000,Free,0.0,Everyone 10+,Sports,"July 20, 2018",0.0,0.0,0.0,0.0,0.0,July,20,2018
"Bleacher Report: sports news, scores, & highlights",SPORTS,4.4,122283.0,22032.55340623291,5000000,Free,0.0,Everyone 10+,Sports,"July 20, 2018",0.0,0.0,0.0,0.0,0.0,July,20,2018
"Blendr - Chat, Flirt & Meet",DATING,4.0,28671.0,22032.55340623291,1000000,Free,0.0,Mature 17+,Dating,"August 1, 2018",0.0,0.0,0.0,0.0,0.0,August,1,2018
Block Buddy,MEDICAL,4.0,15.0,5120.0,1000,Paid,14.99,Everyone,Medical,"August 1, 2018",0.0,0.0,0.0,0.0,0.0,August,1,2018
Block Craft 3D: Building Simulator Games For Free,GAME,4.5,946926.0,58368.0,50000000,Free,0.0,Everyone,Simulation,"March 5, 2018",0.0,0.0,0.0,0.0,0.0,March,5,2018
Block Puzzle,GAME,4.6,59907.0,7987.2,5000000,Free,0.0,Everyone,Puzzle,"March 6, 2018",71.0,0.0,149.0,0.04,0.54,March,6,2018
Blood Pressure,MEDICAL,4.2,33033.0,7577.6,5000000,Free,0.0,Everyone,Medical,"July 24, 2018",4.0,4.0,32.0,0.44,0.59,July,24,2018
Blood Pressure Companion,MEDICAL,4.2,178.0,4915.2,1000,Paid,0.99,Everyone,Medical,"July 22, 2018",0.0,0.0,0.0,0.0,0.0,July,22,2018
Blood Pressure Monitor,MEDICAL,4.3,17.0,6144.0,10000,Free,0.0,Everyone,Medical,"February 25, 2017",0.0,0.0,0.0,0.0,0.0,February,25,2017
Blood Pressure(BP) Diary,MEDICAL,3.7,3596.0,8601.6,1000000,Free,0.0,Everyone,Medical,"July 18, 2018",8.0,18.0,14.0,0.09,0.36,July,18,2018
Booking.com Travel Deals,TRAVEL_AND_LOCAL,4.7,1830388.0,22032.55340623291,100000000,Free,0.0,Everyone,Travel & Local,"August 6, 2018",27.0,39.0,54.0,0.01,0.4,August,6,2018
Bowmasters,GAME,4.7,1535973.0,22032.55340623291,50000000,Free,0.0,Teen,Action,"July 23, 2018",119.0,24.0,177.0,0.06,0.5,July,23,2018
Box,BUSINESS,4.2,159872.0,22032.55340623291,10000000,Free,0.0,Everyone,Business,"July 31, 2018",12.0,24.0,84.0,0.41,0.44,July,31,2018
Breastfeeding Tracker Baby Log,MEDICAL,4.2,6.0,23552.0,100,Free,0.0,Everyone,Medical,"July 20, 2018",0.0,0.0,0.0,0.0,0.0,July,20,2018
Brilliant,EDUCATION,4.5,41185.0,22032.55340623291,1000000,Free,0.0,Everyone,Education,"August 3, 2018",5.0,2.0,21.0,0.24,0.49,August,3,2018
Brit + Co,LIFESTYLE,3.9,987.0,4608.0,10000,Free,0.0,Everyone,Lifestyle,"August 29, 2017",2.0,4.0,10.0,0.12,0.52,August,29,2017
"BuzzFeed: News, Tasty, Quizzes",NEWS_AND_MAGAZINES,4.3,131028.0,13312.0,5000000,Free,0.0,Teen,News & Magazines,"July 30, 2018",8.0,16.0,56.0,0.2,0.47,July,30,2018
CBS - Full Episodes & Live TV,ENTERTAINMENT,3.8,92058.0,12288.0,10000000,Free,0.0,Teen,Entertainment,"July 20, 2018",0.0,0.0,0.0,0.0,0.0,July,20,2018
"CBS Sports App - Scores, News, Stats & Watch Live",SPORTS,4.3,91031.0,22032.55340623291,5000000,Free,0.0,Everyone,Sports,"August 4, 2018",42.0,27.0,123.0,0.16,0.51,August,4,2018
"CBS Sports App - Scores, News, Stats & Watch Live",SPORTS,4.3,91033.0,22032.55340623291,5000000,Free,0.0,Everyone,Sports,"August 4, 2018",42.0,27.0,123.0,0.16,0.51,August,4,2018
CBS Sports Fantasy,SPORTS,4.0,43611.0,27648.0,1000000,Free,0.0,Everyone,Sports,"June 27, 2018",9.0,11.0,60.0,0.25,0.49,June,27,2018
CMB Free Dating App,DATING,4.0,48845.0,40960.0,1000000,Free,0.0,Mature 17+,Dating,"August 1, 2018",6.0,10.0,64.0,0.29,0.54,August,1,2018
CNN Breaking US & World News,NEWS_AND_MAGAZINES,4.0,293080.0,25600.0,10000000,Free,0.0,Everyone 10+,News & Magazines,"August 6, 2018",41.0,6.0,73.0,0.06,0.51,August,6,2018
CT Scan Cross Sectional Anatomy,MEDICAL,4.3,10.0,47104.0,100,Free,0.0,Everyone,Medical,"July 19, 2018",0.0,0.0,0.0,0.0,0.0,July,19,2018
Calls & Text by Mo+,COMMUNICATION,4.2,83239.0,14336.0,5000000,Free,0.0,Everyone,Communication,"April 19, 2018",0.0,1.0,5.0,0.47,0.55,April,19,2018
Calorie Counter & Diet Tracker,HEALTH_AND_FITNESS,4.5,32606.0,22032.55340623291,1000000,Free,0.0,Everyone,Health & Fitness,"March 22, 2018",17.0,9.0,114.0,0.23,0.5,March,22,2018
Calorie Counter - Macros,HEALTH_AND_FITNESS,4.0,3061.0,5632.0,100000,Free,0.0,Everyone,Health & Fitness,"August 27, 2016",20.0,6.0,174.0,0.25,0.51,August,27,2016
Calorie Counter - MyFitnessPal,HEALTH_AND_FITNESS,4.6,1873520.0,22032.55340623291,50000000,Free,0.0,Everyone,Health & Fitness,"July 31, 2018",52.0,34.0,174.0,0.22,0.47,July,31,2018
Calorie Counter - MyFitnessPal,HEALTH_AND_FITNESS,4.6,1873523.0,22032.55340623291,50000000,Free,0.0,Everyone,Health & Fitness,"July 31, 2018",52.0,34.0,174.0,0.22,0.47,July,31,2018
Calorie Counter - MyNetDiary,HEALTH_AND_FITNESS,4.5,27439.0,19456.0,1000000,Free,0.0,Everyone,Health & Fitness,"July 16, 2018",4.0,15.0,181.0,0.38,0.56,July,16,2018
Camera for Android,PHOTOGRAPHY,4.2,240475.0,9728.0,10000000,Free,0.0,Everyone,Photography,"November 22, 2017",0.0,0.0,0.0,0.0,0.0,November,22,2017
Candy Crush Saga,GAME,4.4,22428456.0,75776.0,500000000,Free,0.0,Everyone,Casual,"July 5, 2018",126.0,12.0,102.0,0.03,0.46,July,5,2018
Candy Crush Saga,GAME,4.4,22430188.0,75776.0,500000000,Free,0.0,Everyone,Casual,"July 5, 2018",126.0,12.0,102.0,0.03,0.46,July,5,2018
Cardi B Live Stream Video Chat - Prank,DATING,4.4,28.0,3481.6,500,Free,0.0,Everyone,Dating,"July 16, 2018",0.0,0.0,0.0,0.0,0.0,July,16,2018
"Cardiac diagnosis (heart rate, arrhythmia)",MEDICAL,4.4,8.0,6656.0,100,Paid,12.99,Everyone,Medical,"July 25, 2018",0.0,0.0,0.0,0.0,0.0,July,25,2018
"Carousell: Snap-Sell, Chat-Buy",SHOPPING,4.3,125783.0,22032.55340623291,10000000,Free,0.0,Teen,Shopping,"August 6, 2018",0.0,0.0,0.0,0.0,0.0,August,6,2018
Casual Dating & Adult Singles - Joyride,DATING,4.5,61637.0,11264.0,5000000,Free,0.0,Mature 17+,Dating,"July 31, 2018",0.0,0.0,0.0,0.0,0.0,July,31,2018
Chat Kids - Chat Room For Kids,DATING,4.7,6.0,5017.6,100,Free,0.0,Mature 17+,Dating,"July 24, 2018",0.0,0.0,0.0,0.0,0.0,July,24,2018
Checkout 51: Grocery coupons,SHOPPING,4.1,52896.0,22032.55340623291,10000000,Free,0.0,Everyone,Shopping,"June 18, 2018",3.0,2.0,21.0,0.13,0.4,June,18,2018
Chictopia,LIFESTYLE,4.1,360.0,4710.4,10000,Free,0.0,Everyone,Lifestyle,"April 30, 2014",0.0,0.0,0.0,0.0,0.0,April,30,2014
"Chispa, the Dating App for Latino, Latina Singles",DATING,4.2,4195.0,24576.0,100000,Free,0.0,Mature 17+,Dating,"July 25, 2018",0.0,0.0,0.0,0.0,0.0,July,25,2018
Clash of Clans,GAME,4.6,44891723.0,100352.0,100000000,Free,0.0,Everyone 10+,Strategy,"July 15, 2018",10.0,0.0,23.0,0.04,0.53,July,15,2018
Clover Dating App,DATING,4.1,11633.0,23552.0,500000,Free,0.0,Mature 17+,Dating,"July 24, 2018",0.0,0.0,0.0,0.0,0.0,July,24,2018
ColorNote Notepad Notes,PRODUCTIVITY,4.6,2401017.0,22032.55340623291,100000000,Free,0.0,Everyone,Productivity,"June 27, 2018",7.0,3.0,130.0,0.28,0.51,June,27,2018
Comedy Central,ENTERTAINMENT,3.9,22378.0,19456.0,1000000,Free,0.0,Teen,Entertainment,"July 8, 2018",12.0,26.0,42.0,0.17,0.35,July,8,2018
Couple - Relationship App,SOCIAL,4.0,33249.0,8601.6,1000000,Free,0.0,Everyone,Social,"March 5, 2015",0.0,0.0,23.0,0.3,0.58,March,5,2015
Coursera: Online courses,EDUCATION,4.4,90481.0,22032.55340623291,5000000,Free,0.0,Everyone,Education,"July 27, 2018",0.0,0.0,0.0,0.0,0.0,July,27,2018
Crackle - Free TV & Movies,ENTERTAINMENT,3.7,388089.0,22032.55340623291,10000000,Free,0.0,Teen,Entertainment,"April 12, 2018",0.0,0.0,0.0,0.0,0.0,April,12,2018
Crew - Free Messaging and Scheduling,BUSINESS,4.6,4159.0,49152.0,500000,Free,0.0,Everyone,Business,"July 20, 2018",4.0,4.0,72.0,0.42,0.6,July,20,2018
Crunchyroll - Everything Anime,ENTERTAINMENT,3.7,310066.0,22032.55340623291,10000000,Free,0.0,Teen,Entertainment,"March 5, 2018",15.0,0.0,105.0,0.18,0.44,March,5,2018
"Cymera Camera- Photo Editor, Filter,Collage,Layout",PHOTOGRAPHY,4.4,2418135.0,22032.55340623291,100000000,Free,0.0,Everyone,Photography,"July 12, 2018",3.0,15.0,102.0,0.42,0.46,July,12,2018
DC Super Hero Girlsâ„¢,FAMILY,4.3,43060.0,97280.0,5000000,Free,0.0,Everyone,Action;Action & Adventure,"June 29, 2018",9.0,3.0,108.0,0.33,0.57,June,29,2018
DRAGON BALL LEGENDS,GAME,4.6,337913.0,49152.0,5000000,Free,0.0,Teen,Action,"August 3, 2018",39.0,1.0,140.0,0.1,0.52,August,3,2018
Daily Yoga - Yoga Fitness Plans,HEALTH_AND_FITNESS,4.4,70769.0,35840.0,5000000,Free,0.0,Everyone,Health & Fitness,"July 24, 2018",2.0,0.0,10.0,0.26,0.57,July,24,2018
Diabetes & Diet Tracker,MEDICAL,4.6,395.0,19456.0,1000,Paid,9.99,Everyone,Medical,"July 16, 2018",4.0,4.0,72.0,0.36,0.57,July,16,2018
Digit Save Money Automatically,FINANCE,4.5,8188.0,22528.0,100000,Free,0.0,Everyone,Finance,"July 31, 2018",2.0,13.0,65.0,0.25,0.4,July,31,2018
Disney Magic Kingdoms: Build Your Own Magical Park,FAMILY,4.3,472584.0,93184.0,10000000,Free,0.0,Everyone,Simulation;Action & Adventure,"August 2, 2018",16.0,0.0,31.0,0.09,0.48,August,2,2018
DisneyNOW â€“ TV Shows & Games,FAMILY,4.3,82471.0,22032.55340623291,5000000,Free,0.0,Everyone,Entertainment;Music & Video,"July 5, 2018",10.0,4.0,66.0,0.2,0.54,July,5,2018
Do It Later: Tasks & To-Dos,PRODUCTIVITY,4.5,123412.0,22032.55340623291,50000000,Free,0.0,Everyone,Productivity,"April 13, 2018",5.0,10.0,25.0,0.17,0.33,April,13,2018
Docs To Goâ„¢ Free Office Suite,BUSINESS,4.1,217730.0,22032.55340623291,50000000,Free,0.0,Everyone,Business,"April 2, 2018",11.0,15.0,54.0,0.21,0.41,April,2,2018
Domino's Pizza USA,FOOD_AND_DRINK,4.7,1032935.0,22032.55340623291,10000000,Free,0.0,Everyone,Food & Drink,"July 20, 2018",11.0,2.0,67.0,0.21,0.5,July,20,2018
Dr. Panda & Toto's Treehouse,FAMILY,4.4,3396.0,9728.0,50000,Paid,3.99,Everyone,Casual;Pretend Play,"December 9, 2014",12.0,4.0,64.0,0.18,0.53,December,9,2014
DreamWorks Friends,FAMILY,3.6,1042.0,49152.0,100000,Free,0.0,Everyone,Role Playing;Pretend Play,"August 4, 2017",20.0,22.0,38.0,-0.0,0.48,August,4,2017
Duolingo: Learn Languages Free,EDUCATION,4.7,6290507.0,22032.55340623291,100000000,Free,0.0,Everyone,Education;Education,"August 1, 2018",34.0,6.0,200.0,0.2,0.47,August,1,2018
EMT PASS,MEDICAL,3.4,51.0,2457.6,1000,Paid,29.99,Everyone,Medical,"October 22, 2014",0.0,0.0,0.0,0.0,0.0,October,22,2014
EMT Review Plus,MEDICAL,4.5,199.0,1843.2,10000,Paid,11.99,Everyone,Medical,"June 27, 2018",0.0,0.0,0.0,0.0,0.0,June,27,2018
EMT Tutor NREMT-B Study Guide,MEDICAL,4.6,625.0,8601.6,10000,Paid,3.99,Everyone,Medical,"January 8, 2017",0.0,0.0,0.0,0.0,0.0,January,8,2017
ESPN,SPORTS,4.2,521138.0,22032.55340623291,10000000,Free,0.0,Everyone 10+,Sports,"July 19, 2018",0.0,0.0,0.0,0.0,0.0,July,19,2018
ESPN,SPORTS,4.2,521140.0,22032.55340623291,10000000,Free,0.0,Everyone 10+,Sports,"July 19, 2018",0.0,0.0,0.0,0.0,0.0,July,19,2018
ESPN Fantasy Sports,SPORTS,4.0,176448.0,10240.0,5000000,Free,0.0,Everyone,Sports,"November 21, 2017",0.0,0.0,0.0,0.0,0.0,November,21,2017
Ebook Reader,BOOKS_AND_REFERENCE,4.1,85842.0,37888.0,5000000,Free,0.0,Everyone,Books & Reference,"June 25, 2018",4.0,3.0,33.0,0.34,0.58,June,25,2018
EliteSingles â€“ Dating for Single Professionals,DATING,2.5,5377.0,19456.0,500000,Free,0.0,Mature 17+,Dating,"July 31, 2018",0.0,0.0,0.0,0.0,0.0,July,31,2018
Elmo Calls by Sesame Street,FAMILY,3.9,6903.0,25600.0,1000000,Free,0.0,Everyone,Educational;Pretend Play,"January 31, 2018",0.0,0.0,0.0,0.0,0.0,January,31,2018
Equestria Girls,FAMILY,4.3,392596.0,54272.0,10000000,Free,0.0,Everyone,Role Playing;Action & Adventure,"July 22, 2016",30.0,2.0,48.0,0.04,0.55,July,22,2016
Essential Anatomy 3,MEDICAL,4.1,1533.0,43008.0,50000,Paid,11.99,Mature 17+,Medical,"August 7, 2014",10.0,0.0,70.0,0.23,0.52,August,7,2014
Etsy: Handmade & Vintage Goods,SHOPPING,4.3,95520.0,15360.0,10000000,Free,0.0,Teen,Shopping,"August 3, 2018",12.0,8.0,60.0,0.31,0.54,August,3,2018
"Evernote â€“ Organizer, Planner for Notes & Memos",PRODUCTIVITY,4.6,1488396.0,22032.55340623291,100000000,Free,0.0,Everyone,Productivity,"August 3, 2018",25.0,0.0,95.0,0.08,0.52,August,3,2018
"Expedia Hotels, Flights & Car Rental Travel Deals",TRAVEL_AND_LOCAL,4.1,136626.0,14336.0,10000000,Free,0.0,Everyone,Travel & Local,"August 6, 2018",55.0,15.0,90.0,0.09,0.5,August,6,2018
Extreme Coupon Finder,SHOPPING,4.1,11798.0,22032.55340623291,1000000,Free,0.0,Everyone,Shopping,"May 10, 2018",4.0,2.0,8.0,0.07,0.56,May,10,2018
FOX,ENTERTAINMENT,3.7,197774.0,45056.0,10000000,Free,0.0,Mature 17+,Entertainment,"June 25, 2018",22.0,12.0,46.0,0.21,0.46,June,25,2018
FOX NOW - On Demand & Live TV,ENTERTAINMENT,3.9,60841.0,22032.55340623291,5000000,Free,0.0,Teen,Entertainment,"July 26, 2018",40.0,12.0,68.0,0.05,0.49,July,26,2018
"FOX Sports: Live Streaming, Scores & News",SPORTS,4.0,28895.0,83968.0,5000000,Free,0.0,Teen,Sports,"August 2, 2018",5.0,6.0,22.0,0.31,0.52,August,2,2018
"Fabulous: Motivate Me! Meditate, Relax, Sleep",HEALTH_AND_FITNESS,4.6,205299.0,31744.0,5000000,Free,0.0,Everyone,Health & Fitness,"July 16, 2018",6.0,3.0,31.0,0.19,0.53,July,16,2018
Facetune - For Free,PHOTOGRAPHY,4.4,49553.0,49152.0,1000000,Paid,5.99,Everyone,Photography,"July 25, 2018",0.0,0.0,0.0,0.0,0.0,July,25,2018
Fancy,SHOPPING,4.2,39735.0,18432.0,5000000,Free,0.0,Teen,Shopping,"July 25, 2018",0.0,0.0,0.0,0.0,0.0,July,25,2018
Fandango Movies - Times + Tickets,ENTERTAINMENT,4.6,243747.0,22032.55340623291,10000000,Free,0.0,Teen,Entertainment,"August 2, 2018",15.0,4.0,61.0,0.14,0.52,August,2,2018
Fantasy Football,SPORTS,3.5,50179.0,23552.0,1000000,Free,0.0,Everyone,Sports,"August 2, 2018",21.0,17.0,42.0,0.06,0.41,August,2,2018
Fashion in Vogue,LIFESTYLE,3.8,1797.0,6963.2,100000,Free,0.0,Everyone,Lifestyle,"September 27, 2016",32.0,35.0,53.0,0.06,0.35,September,27,2016
Fast Scanner : Free PDF Scan,BUSINESS,4.5,103755.0,14336.0,10000000,Free,0.0,Everyone,Business,"July 11, 2018",1.0,15.0,64.0,0.31,0.43,July,11,2018
Find Real Love â€” YouLove Premium Dating,DATING,4.5,212626.0,11264.0,10000000,Free,0.0,Mature 17+,Dating,"July 31, 2018",0.0,0.0,0.0,0.0,0.0,July,31,2018
Fishdom,GAME,4.6,2157930.0,22032.55340623291,10000000,Free,0.0,Everyone,Puzzle,"July 19, 2018",42.0,0.0,138.0,0.06,0.56,July,19,2018
Fitbit Coach,HEALTH_AND_FITNESS,4.6,28951.0,61440.0,1000000,Free,0.0,Everyone,Health & Fitness,"July 16, 2018",0.0,0.0,0.0,0.0,0.0,July,16,2018
Flickr,PHOTOGRAPHY,4.3,251951.0,16384.0,10000000,Free,0.0,Mature 17+,Photography,"July 11, 2018",19.0,10.0,51.0,0.18,0.44,July,11,2018
Flipboard: News For Our Time,NEWS_AND_MAGAZINES,4.4,1284017.0,22032.55340623291,500000000,Free,0.0,Everyone 10+,News & Magazines,"August 3, 2018",0.0,3.0,10.0,0.39,0.43,August,3,2018
Flow Free,GAME,4.3,1295625.0,11264.0,100000000,Free,0.0,Everyone,Puzzle,"April 11, 2018",49.0,4.0,167.0,0.07,0.52,April,11,2018
Fly Delta,TRAVEL_AND_LOCAL,3.7,27560.0,47104.0,5000000,Free,0.0,Everyone,Travel & Local,"July 31, 2018",10.0,14.0,56.0,0.14,0.46,July,31,2018
Food Calorie Calculator,HEALTH_AND_FITNESS,4.2,1324.0,4096.0,100000,Free,0.0,Everyone,Health & Fitness,"January 29, 2018",8.0,22.0,16.0,0.1,0.45,January,29,2018
Food Network,ENTERTAINMENT,4.1,7813.0,22032.55340623291,500000,Free,0.0,Teen,Entertainment,"July 27, 2018",24.0,16.0,40.0,0.03,0.44,July,27,2018
"Fox News â€“ Breaking News, Live Video & News Alerts",NEWS_AND_MAGAZINES,4.5,249919.0,22032.55340623291,10000000,Free,0.0,Everyone 10+,News & Magazines,"July 30, 2018",42.0,8.0,70.0,0.02,0.5,July,30,2018
Free Blood Pressure,MEDICAL,4.2,7.0,5836.8,5000,Free,0.0,Everyone,Medical,"October 13, 2016",0.0,0.0,0.0,0.0,0.0,October,13,2016
Free Cam Girls - Live Webcam,DATING,3.5,35.0,16384.0,1000,Free,0.0,Mature 17+,Dating,"July 16, 2018",0.0,0.0,0.0,0.0,0.0,July,16,2018
Free Dating App - Meet Local Singles - Flirt Chat,DATING,4.1,825.0,22032.55340623291,100000,Free,0.0,Mature 17+,Dating,"December 28, 2017",44.0,9.0,27.0,-0.05,0.56,December,28,2017
Free Dating Hook Up Messenger,DATING,3.3,1157.0,21504.0,100000,Free,0.0,Mature 17+,Dating,"January 27, 2017",12.0,9.0,59.0,0.15,0.52,January,27,2017
FreshBooks Classic,BUSINESS,4.1,1802.0,26624.0,100000,Free,0.0,Everyone,Business,"April 18, 2018",20.0,16.0,44.0,0.1,0.47,April,18,2018
Galaxy Attack: Alien Shooter,GAME,4.6,506275.0,22032.55340623291,10000000,Free,0.0,Everyone,Arcade,"August 1, 2018",43.0,8.0,129.0,0.08,0.47,August,1,2018
Garena Free Fire,GAME,4.5,5476569.0,54272.0,100000000,Free,0.0,Teen,Action,"August 3, 2018",81.0,5.0,154.0,0.07,0.49,August,3,2018
Gay Sugar Daddy Dating & Hookup â€“ Sudy Gay,DATING,4.1,2212.0,41984.0,100000,Free,0.0,Mature 17+,Dating,"June 20, 2018",16.0,12.0,52.0,0.2,0.64,June,20,2018
Genius Scan - PDF Scanner,BUSINESS,4.4,42492.0,22032.55340623291,1000000,Free,0.0,Everyone,Business,"July 11, 2018",1.0,1.0,11.0,0.24,0.52,July,11,2018
Girls Live Chat - Free Text & Video Chat,DATING,4.8,110.0,5017.6,10000,Free,0.0,Mature 17+,Dating,"July 9, 2018",0.0,0.0,0.0,0.0,0.0,July,9,2018
Glide - Video Chat Messenger,COMMUNICATION,4.3,350154.0,22032.55340623291,10000000,Free,0.0,Everyone,Communication,"July 29, 2018",0.0,0.0,0.0,0.0,0.0,July,29,2018
Gmail,COMMUNICATION,4.3,4604324.0,22032.55340623291,1000000000,Free,0.0,Everyone,Communication,"August 2, 2018",22.0,9.0,49.0,0.07,0.47,August,2,2018
Golfshot: Golf GPS + Tee Times,SPORTS,4.3,7543.0,25600.0,500000,Free,0.0,Everyone,Sports,"July 11, 2018",6.0,14.0,60.0,0.34,0.46,July,11,2018
Google Ads,BUSINESS,4.3,29313.0,20480.0,5000000,Free,0.0,Everyone,Business,"July 30, 2018",18.0,13.0,49.0,0.14,0.43,July,30,2018
Google Analytics,BUSINESS,4.5,78662.0,22528.0,1000000,Free,0.0,Everyone,Business,"February 13, 2018",0.0,0.0,0.0,0.0,0.0,February,13,2018
Google Classroom,EDUCATION,4.2,69498.0,22032.55340623291,10000000,Free,0.0,Everyone,Education,"July 19, 2018",0.0,0.0,0.0,0.0,0.0,July,19,2018
Google Docs,PRODUCTIVITY,4.3,815974.0,22032.55340623291,100000000,Free,0.0,Everyone,Productivity,"August 6, 2018",0.0,0.0,0.0,0.0,0.0,August,6,2018
Google Drive,PRODUCTIVITY,4.4,2731211.0,22032.55340623291,1000000000,Free,0.0,Everyone,Productivity,"August 6, 2018",0.0,0.0,0.0,0.0,0.0,August,6,2018
Google Duo - High Quality Video Calls,COMMUNICATION,4.6,2083237.0,22032.55340623291,500000000,Free,0.0,Everyone,Communication,"July 31, 2018",2.0,1.0,15.0,0.29,0.5,July,31,2018
Google Keep,PRODUCTIVITY,4.4,691474.0,22032.55340623291,100000000,Free,0.0,Everyone,Productivity,"August 6, 2018",30.0,9.0,81.0,0.1,0.49,August,6,2018
Google My Business,BUSINESS,4.4,70991.0,22032.55340623291,5000000,Free,0.0,Everyone,Business,"July 24, 2018",9.0,39.0,72.0,0.27,0.45,July,24,2018
Google News,NEWS_AND_MAGAZINES,3.9,877635.0,13312.0,1000000000,Free,0.0,Teen,News & Magazines,"August 1, 2018",39.0,0.0,81.0,0.09,0.5,August,1,2018
Google PDF Viewer,PRODUCTIVITY,4.2,226456.0,22032.55340623291,10000000,Free,0.0,Everyone,Productivity,"October 9, 2017",22.0,14.0,44.0,0.1,0.44,October,9,2017
Google Pay,FINANCE,4.2,347838.0,22032.55340623291,100000000,Free,0.0,Everyone,Finance,"July 26, 2018",30.0,6.0,84.0,0.12,0.51,July,26,2018
Google Voice,COMMUNICATION,4.2,171031.0,22032.55340623291,10000000,Free,0.0,Everyone,Communication,"August 3, 2018",0.0,4.0,4.0,0.15,0.2,August,3,2018
"Groupon - Shop Deals, Discounts & Coupons",SHOPPING,4.6,1370749.0,22032.55340623291,50000000,Free,0.0,Teen,Shopping,"August 3, 2018",10.0,15.0,95.0,0.29,0.47,August,3,2018
Grubhub: Food Delivery,FOOD_AND_DRINK,4.5,155944.0,35840.0,5000000,Free,0.0,Everyone,Food & Drink,"August 2, 2018",20.0,16.0,44.0,0.12,0.47,August,2,2018
Gyft - Mobile Gift Card Wallet,SHOPPING,4.1,9701.0,14336.0,500000,Free,0.0,Everyone,Shopping,"July 25, 2018",48.0,18.0,54.0,-0.03,0.53,July,25,2018
HBO NOW: Stream TV & Movies,ENTERTAINMENT,3.9,61201.0,22032.55340623291,10000000,Free,0.0,Teen,Entertainment,"July 19, 2018",0.0,0.0,0.0,0.0,0.0,July,19,2018
HISTORY: Watch TV Show Full Episodes & Specials,ENTERTAINMENT,4.1,33387.0,20480.0,1000000,Free,0.0,Teen,Entertainment,"July 16, 2018",10.0,2.0,49.0,0.21,0.52,July,16,2018
Haystack TV: Local & World News - Free,NEWS_AND_MAGAZINES,4.3,3684.0,22032.55340623291,100000,Free,0.0,Everyone 10+,News & Magazines,"August 2, 2018",0.0,2.0,13.0,0.53,0.55,August,2,2018
Headspace: Meditation & Mindfulness,HEALTH_AND_FITNESS,4.6,77563.0,39936.0,10000000,Free,0.0,Everyone,Health & Fitness,"July 23, 2018",0.0,2.0,9.0,0.23,0.42,July,23,2018
Health and Nutrition Guide,HEALTH_AND_FITNESS,4.3,7895.0,3379.2,500000,Free,0.0,Everyone,Health & Fitness,"July 15, 2018",6.0,18.0,116.0,0.39,0.52,July,15,2018
"Hily: Dating, Chat, Match, Meet & Hook up",DATING,4.1,2556.0,57344.0,100000,Free,0.0,Mature 17+,Dating,"August 1, 2018",29.0,17.0,74.0,0.03,0.56,August,1,2018
Hinge: Dating & Relationships,DATING,4.2,7779.0,12288.0,500000,Free,0.0,Mature 17+,Dating,"August 3, 2018",11.0,7.0,62.0,0.16,0.5,August,3,2018
HipChat - Chat Built for Teams,BUSINESS,3.8,5868.0,20480.0,500000,Free,0.0,Everyone,Business,"July 3, 2018",40.0,21.0,19.0,-0.04,0.37,July,3,2018
"Hole19: Golf GPS App, Rangefinder & Scorecard",SPORTS,4.4,6106.0,22032.55340623291,100000,Free,0.0,Everyone,Sports,"August 1, 2018",0.0,1.0,18.0,0.44,0.61,August,1,2018
Honkai Impact 3rd,GAME,4.7,59017.0,83968.0,1000000,Free,0.0,Teen,Action,"July 3, 2018",22.0,0.0,58.0,0.1,0.52,July,3,2018
Hospitalist Handbook,MEDICAL,4.8,12.0,18432.0,1000,Paid,19.99,Everyone,Medical,"June 5, 2017",0.0,0.0,0.0,0.0,0.0,June,5,2017
Hostelworld: Hostels & Cheap Hotels Travel App,TRAVEL_AND_LOCAL,4.4,17878.0,28672.0,1000000,Free,0.0,Everyone,Travel & Local,"July 16, 2018",12.0,11.0,57.0,0.25,0.58,July,16,2018
Hot or Not - Find someone right now,DATING,4.1,305708.0,22032.55340623291,10000000,Free,0.0,Mature 17+,Dating,"August 2, 2018",0.0,0.0,0.0,0.0,0.0,August,2,2018
HotelTonight: Book amazing deals at great hotels,TRAVEL_AND_LOCAL,4.4,57573.0,22032.55340623291,5000000,Free,0.0,Everyone,Travel & Local,"July 31, 2018",17.0,17.0,146.0,0.33,0.55,July,31,2018
Houzz Interior Design Ideas,HOUSE_AND_HOME,4.6,353813.0,22032.55340623291,10000000,Free,0.0,Everyone,House & Home,"August 1, 2018",0.0,0.0,0.0,0.0,0.0,August,1,2018
Howlr,DATING,3.9,105.0,27648.0,5000,Free,0.0,Mature 17+,Dating,"June 19, 2018",0.0,0.0,0.0,0.0,0.0,June,19,2018
"Hulu: Stream TV, Movies & more",ENTERTAINMENT,4.0,319691.0,22032.55340623291,10000000,Free,0.0,Teen,Entertainment,"August 3, 2018",0.0,0.0,0.0,0.0,0.0,August,3,2018
Human Anatomy Atlas 2018: Complete 3D Human Body,MEDICAL,4.5,2921.0,25600.0,100000,Paid,24.99,Everyone,Medical,"May 25, 2018",0.0,0.0,0.0,0.0,0.0,May,25,2018
IBM Micromedex Drug Info,MEDICAL,3.8,206.0,9728.0,10000,Paid,2.99,Everyone,Medical,"April 25, 2018",0.0,0.0,0.0,0.0,0.0,April,25,2018
IMDb Movies & TV,ENTERTAINMENT,4.2,501498.0,12288.0,100000000,Free,0.0,Teen,Entertainment,"July 26, 2018",0.0,0.0,0.0,0.0,0.0,July,26,2018
"Ibotta: Cash Back Savings, Rewards & Coupons App",SHOPPING,4.5,315908.0,53248.0,10000000,Free,0.0,Everyone,Shopping,"August 1, 2018",0.0,0.0,0.0,0.0,0.0,August,1,2018
Inside Out Thought Bubbles,FAMILY,4.4,623398.0,59392.0,10000000,Free,0.0,Everyone,Puzzle;Brain Games,"August 31, 2017",0.0,0.0,0.0,0.0,0.0,August,31,2017
Insightly CRM,BUSINESS,3.8,1383.0,52224.0,100000,Free,0.0,Everyone,Business,"July 12, 2018",0.0,0.0,0.0,0.0,0.0,July,12,2018
Instagram,SOCIAL,4.5,66577313.0,22032.55340623291,1000000000,Free,0.0,Teen,Social,"July 31, 2018",0.0,0.0,0.0,0.0,0.0,July,31,2018
Invoice & Time Tracking - Zoho,BUSINESS,4.6,5800.0,8806.4,100000,Free,0.0,Everyone,Business,"August 2, 2018",0.0,0.0,0.0,0.0,0.0,August,2,2018
Invoice 2go â€” Professional Invoices and Estimates,BUSINESS,4.2,16422.0,28672.0,1000000,Free,0.0,Everyone,Business,"August 1, 2018",0.0,0.0,0.0,0.0,0.0,August,1,2018
JH Blood Pressure Monitor,MEDICAL,3.7,9.0,2969.6,500,Free,0.0,Everyone,Medical,"July 21, 2018",0.0,0.0,0.0,0.0,0.0,July,21,2018
JackThreads: Men's Shopping,SHOPPING,4.0,13085.0,2764.8,1000000,Free,0.0,Teen,Shopping,"November 8, 2017",0.0,0.0,0.0,0.0,0.0,November,8,2017
"Jaumo Dating, Flirt & Live Video",SOCIAL,4.4,900064.0,13312.0,10000000,Free,0.0,Mature 17+,Social,"July 31, 2018",0.0,0.0,0.0,0.0,0.0,July,31,2018
Jewels Star: OZ adventure,GAME,4.5,21892.0,14336.0,1000000,Free,0.0,Everyone,Puzzle,"December 29, 2017",0.0,0.0,0.0,0.0,0.0,December,29,2017
Journal Club: Medicine,MEDICAL,4.8,216.0,22032.55340623291,10000,Paid,6.99,Everyone,Medical,"June 17, 2017",0.0,0.0,0.0,0.0,0.0,June,17,2017
Just She - Top Lesbian Dating,DATING,1.9,953.0,19456.0,100000,Free,0.0,Mature 17+,Dating,"July 18, 2018",0.0,0.0,0.0,0.0,0.0,July,18,2018
"KAYAK Flights, Hotels & Cars",TRAVEL_AND_LOCAL,4.5,216388.0,19456.0,10000000,Free,0.0,Everyone,Travel & Local,"July 31, 2018",0.0,0.0,0.0,0.0,0.0,July,31,2018
KakaoTalk: Free Calls & Text,COMMUNICATION,4.3,2546527.0,22032.55340623291,100000000,Free,0.0,Everyone,Communication,"August 3, 2018",0.0,0.0,0.0,0.0,0.0,August,3,2018
Khan Academy,EDUCATION,4.6,85375.0,21504.0,5000000,Free,0.0,Everyone,Education,"July 27, 2018",0.0,0.0,0.0,0.0,0.0,July,27,2018
Kick the Buddy,GAME,4.3,1000417.0,22032.55340623291,50000000,Free,0.0,Teen,Action,"July 5, 2018",0.0,0.0,0.0,0.0,0.0,July,5,2018
Kids Balloon Pop Game Free ðŸŽˆ,FAMILY,4.1,38021.0,19456.0,10000000,Free,0.0,Everyone,Casual;Music & Video,"July 6, 2018",0.0,0.0,0.0,0.0,0.0,July,6,2018
LINE: Free Calls & Messages,COMMUNICATION,4.2,10790289.0,22032.55340623291,500000000,Free,0.0,Everyone,Communication,"July 26, 2018",0.0,0.0,0.0,0.0,0.0,July,26,2018
LOVOO,SOCIAL,4.0,852455.0,69632.0,10000000,Free,0.0,Mature 17+,Social,"August 3, 2018",0.0,0.0,0.0,0.0,0.0,August,3,2018
Lark - 24/7 Health Coach,HEALTH_AND_FITNESS,4.1,3405.0,52224.0,100000,Free,0.0,Everyone,Health & Fitness,"July 25, 2018",0.0,0.0,0.0,0.0,0.0,July,25,2018
Learn 50 languages,EDUCATION,4.4,55256.0,14336.0,5000000,Free,0.0,Everyone,Education,"June 19, 2018",0.0,0.0,0.0,0.0,0.0,June,19,2018
"Learn languages, grammar & vocabulary with Memrise",EDUCATION,4.7,1107903.0,22032.55340623291,10000000,Free,0.0,Everyone,Education,"August 2, 2018",0.0,0.0,0.0,0.0,0.0,August,2,2018
Lifetime - Watch Full Episodes & Original Movies,ENTERTAINMENT,4.0,35931.0,19456.0,1000000,Free,0.0,Teen,Entertainment,"July 16, 2018",0.0,0.0,0.0,0.0,0.0,July,16,2018
Live Girls Talk - Free Video Chat,DATING,4.8,125.0,4812.8,5000,Free,0.0,Mature 17+,Dating,"July 8, 2018",0.0,0.0,0.0,0.0,0.0,July,8,2018
Live Talk - Free Text and Video Chat,DATING,4.6,185.0,5120.0,10000,Free,0.0,Mature 17+,Dating,"July 16, 2018",0.0,0.0,0.0,0.0,0.0,July,16,2018
LivingSocial - Local Deals,SHOPPING,4.1,28523.0,29696.0,5000000,Free,0.0,Everyone,Shopping,"August 3, 2018",0.0,0.0,0.0,0.0,0.0,August,3,2018
Lose It! - Calorie Counter,HEALTH_AND_FITNESS,4.4,69395.0,22032.55340623291,10000000,Free,0.0,Everyone,Health & Fitness,"August 3, 2018",0.0,0.0,0.0,0.0,0.0,August,3,2018
Lumosity: #1 Brain Games & Cognitive Training App,EDUCATION,4.2,215301.0,22032.55340623291,10000000,Free,0.0,Everyone,Education,"August 1, 2018",0.0,0.0,0.0,0.0,0.0,August,1,2018
Lynda - Online Training Videos,EDUCATION,4.2,8599.0,17408.0,1000000,Free,0.0,Everyone,Education,"July 11, 2018",0.0,0.0,0.0,0.0,0.0,July,11,2018
MLB At Bat,SPORTS,4.2,82882.0,22032.55340623291,5000000,Free,0.0,Everyone,Sports,"July 30, 2018",0.0,0.0,0.0,0.0,0.0,July,30,2018
MLB At Bat,SPORTS,4.2,82883.0,22032.55340623291,5000000,Free,0.0,Everyone,Sports,"July 30, 2018",0.0,0.0,0.0,0.0,0.0,July,30,2018
MTV,ENTERTAINMENT,3.8,35279.0,15360.0,1000000,Free,0.0,Teen,Entertainment,"July 8, 2018",0.0,0.0,0.0,0.0,0.0,July,8,2018
Magic Tiles 3,GAME,4.5,592504.0,22032.55340623291,50000000,Free,0.0,Everyone,Music,"August 3, 2018",0.0,0.0,0.0,0.0,0.0,August,3,2018
"MailChimp - Email, Marketing Automation",BUSINESS,4.1,5448.0,12288.0,500000,Free,0.0,Everyone,Business,"July 25, 2018",0.0,0.0,0.0,0.0,0.0,July,25,2018
Mango Languages: Lovable Language Courses,EDUCATION,4.0,4815.0,19456.0,500000,Free,0.0,Everyone,Education,"July 17, 2018",0.0,0.0,0.0,0.0,0.0,July,17,2018
Maricopa AH,MEDICAL,4.2,469993.8884224912,29696.0,100,Free,0.0,Everyone,Medical,"July 16, 2018",0.0,0.0,0.0,0.0,0.0,July,16,2018
MealLogger-Photo Food Journal,HEALTH_AND_FITNESS,3.5,217.0,9625.6,50000,Free,0.0,Teen,Health & Fitness,"August 23, 2017",0.0,0.0,0.0,0.0,0.0,August,23,2017
Medical ID - In Case of Emergency (ICE),MEDICAL,4.6,717.0,5529.6,5000,Paid,5.99,Everyone,Medical,"May 31, 2018",0.0,0.0,0.0,0.0,0.0,May,31,2018
"Meditation Music - Relax, Yoga",HEALTH_AND_FITNESS,4.6,48226.0,28672.0,1000000,Free,0.0,Everyone,Health & Fitness,"March 5, 2018",0.0,0.0,0.0,0.0,0.0,March,5,2018
MeetMe: Chat & Meet New People,SOCIAL,4.2,1259894.0,77824.0,50000000,Free,0.0,Mature 17+,Social,"August 3, 2018",0.0,0.0,0.0,0.0,0.0,August,3,2018
Meetup,SOCIAL,4.2,79129.0,23552.0,5000000,Free,0.0,Teen,Social,"August 2, 2018",0.0,0.0,0.0,0.0,0.0,August,2,2018
Meetup,SOCIAL,4.2,79130.0,23552.0,5000000,Free,0.0,Teen,Social,"August 2, 2018",0.0,0.0,0.0,0.0,0.0,August,2,2018
Messenger â€“ Text and Video Chat for Free,COMMUNICATION,4.0,56642847.0,22032.55340623291,1000000000,Free,0.0,Everyone,Communication,"August 1, 2018",0.0,0.0,0.0,0.0,0.0,August,1,2018
Minion Rush: Despicable Me Official Game,FAMILY,4.5,10216997.0,22032.55340623291,100000000,Free,0.0,Everyone 10+,Casual;Action & Adventure,"July 12, 2018",0.0,0.0,0.0,0.0,0.0,July,12,2018
"Mint: Budget, Bills, Finance",FINANCE,4.3,129304.0,22032.55340623291,5000000,Free,0.0,Everyone,Finance,"August 2, 2018",0.0,0.0,0.0,0.0,0.0,August,2,2018
Mobile Doc Scanner (MDScan) Lite,BUSINESS,4.2,46505.0,19456.0,1000000,Free,0.0,Everyone,Business,"August 2, 2018",0.0,0.0,0.0,0.0,0.0,August,2,2018
"Moco - Chat, Meet People",DATING,4.2,313724.0,22032.55340623291,10000000,Free,0.0,Mature 17+,Dating,"August 4, 2018",0.0,0.0,0.0,0.0,0.0,August,4,2018
Modcloth â€“ Unique Indie Women's Fashion & Style,SHOPPING,4.2,5121.0,9011.2,500000,Free,0.0,Everyone,Shopping,"July 13, 2018",0.0,0.0,0.0,0.0,0.0,July,13,2018
Monash Uni Low FODMAP Diet,MEDICAL,4.2,1135.0,12288.0,100000,Paid,9.0,Everyone,Medical,"July 16, 2018",0.0,0.0,0.0,0.0,0.0,July,16,2018
MoodSpace,MEDICAL,4.5,503.0,22528.0,50000,Free,0.0,Everyone,Medical,"June 10, 2018",0.0,0.0,0.0,0.0,0.0,June,10,2018
Mortgage by Zillow: Calculator & Rates,HOUSE_AND_HOME,4.3,4435.0,8089.6,500000,Free,0.0,Everyone,House & Home,"March 2, 2016",0.0,0.0,0.0,0.0,0.0,March,2,2016
MouseMingle,DATING,2.7,3.0,3993.6,100,Free,0.0,Mature 17+,Dating,"July 17, 2018",0.0,0.0,0.0,0.0,0.0,July,17,2018
"Movies by Flixster, with Rotten Tomatoes",ENTERTAINMENT,4.5,653008.0,16384.0,10000000,Free,0.0,Everyone,Entertainment,"June 20, 2018",0.0,0.0,0.0,0.0,0.0,June,20,2018
"Muscle Premium - Human Anatomy, Kinesiology, Bones",MEDICAL,4.2,168.0,25600.0,10000,Paid,24.99,Everyone,Medical,"August 11, 2017",0.0,0.0,0.0,0.0,0.0,August,11,2017
Muzy - Share photos & collages,PHOTOGRAPHY,4.4,70189.0,13312.0,5000000,Free,0.0,Teen,Photography,"August 11, 2015",0.0,0.0,0.0,0.0,0.0,August,11,2015
My Class Schedule: Timetable,EDUCATION,4.1,9348.0,22032.55340623291,1000000,Free,0.0,Everyone,Education,"June 1, 2016",0.0,0.0,0.0,0.0,0.0,June,1,2016
My Diet Diary Calorie Counter,HEALTH_AND_FITNESS,4.1,18539.0,58368.0,1000000,Free,0.0,Everyone,Health & Fitness,"July 30, 2018",0.0,0.0,0.0,0.0,0.0,July,30,2018
My Dressing - Fashion closet,LIFESTYLE,4.1,12452.0,22032.55340623291,500000,Free,0.0,Everyone,Lifestyle,"January 26, 2017",0.0,0.0,0.0,0.0,0.0,January,26,2017
MyPlate Calorie Tracker,HEALTH_AND_FITNESS,4.6,24094.0,18432.0,1000000,Free,0.0,Everyone,Health & Fitness,"July 9, 2018",0.0,0.0,0.0,0.0,0.0,July,9,2018
NBC News,NEWS_AND_MAGAZINES,4.1,63020.0,22032.55340623291,5000000,Free,0.0,Everyone 10+,News & Magazines,"February 13, 2018",0.0,0.0,0.0,0.0,0.0,February,13,2018
NFL,SPORTS,4.1,459795.0,22032.55340623291,50000000,Free,0.0,Everyone,Sports,"August 2, 2018",0.0,0.0,0.0,0.0,0.0,August,2,2018
NPR News,NEWS_AND_MAGAZINES,4.0,24790.0,22032.55340623291,1000000,Free,0.0,Everyone,News & Magazines,"July 20, 2018",0.0,0.0,0.0,0.0,0.0,July,20,2018
NYTimes - Latest News,NEWS_AND_MAGAZINES,3.9,63647.0,23552.0,10000000,Free,0.0,Everyone 10+,News & Magazines,"August 1, 2018",0.0,0.0,0.0,0.0,0.0,August,1,2018
Netflix,ENTERTAINMENT,4.4,5456208.0,22032.55340623291,100000000,Free,0.0,Teen,Entertainment,"July 31, 2018",0.0,0.0,0.0,0.0,0.0,July,31,2018
Newsroom: News Worth Sharing,NEWS_AND_MAGAZINES,4.2,201737.0,22032.55340623291,10000000,Free,0.0,Everyone 10+,News & Magazines,"July 3, 2018",0.0,0.0,0.0,0.0,0.0,July,3,2018
Nick,ENTERTAINMENT,4.2,123279.0,25600.0,10000000,Free,0.0,Everyone 10+,Entertainment;Music & Video,"January 24, 2018",0.0,0.0,0.0,0.0,0.0,January,24,2018
Nighty Night Circus,FAMILY,4.3,382.0,15360.0,10000,Paid,2.99,Everyone,Education;Action & Adventure,"March 7, 2017",0.0,0.0,0.0,0.0,0.0,March,7,2017
Nike Training Club - Workouts & Fitness Plans,HEALTH_AND_FITNESS,4.6,251534.0,95232.0,10000000,Free,0.0,Everyone,Health & Fitness,"July 18, 2018",0.0,0.0,0.0,0.0,0.0,July,18,2018
Nike+ Run Club,HEALTH_AND_FITNESS,4.4,708710.0,22032.55340623291,10000000,Free,0.0,Everyone,Health & Fitness,"July 12, 2018",0.0,0.0,0.0,0.0,0.0,July,12,2018
Notepad & To do list,PRODUCTIVITY,4.3,226295.0,4300.8,10000000,Free,0.0,Everyone,Productivity,"June 6, 2018",0.0,0.0,0.0,0.0,0.0,June,6,2018
Nova Launcher,PERSONALIZATION,4.6,1121805.0,22032.55340623291,50000000,Free,0.0,Everyone,Personalization,"May 14, 2018",0.0,0.0,0.0,0.0,0.0,May,14,2018
Nurse Grid,MEDICAL,4.5,1686.0,15360.0,100000,Free,0.0,Everyone,Medical,"July 30, 2018",0.0,0.0,0.0,0.0,0.0,July,30,2018
O-Star,DATING,4.4,59.0,38912.0,5000,Free,0.0,Everyone,Dating,"July 19, 2018",0.0,0.0,0.0,0.0,0.0,July,19,2018
OkCupid Dating,DATING,4.1,285726.0,15360.0,10000000,Free,0.0,Mature 17+,Dating,"July 30, 2018",0.0,0.0,0.0,0.0,0.0,July,30,2018
Once - Quality Matches Every day,DATING,4.4,222888.0,21504.0,1000000,Free,0.0,Mature 17+,Dating,"July 17, 2018",0.0,0.0,0.0,0.0,0.0,July,17,2018
Open Camera,PHOTOGRAPHY,4.3,116880.0,2048.0,10000000,Free,0.0,Everyone,Photography,"April 23, 2018",0.0,0.0,0.0,0.0,0.0,April,23,2018
"Orbitz - Hotels, Flights & Package Deals",TRAVEL_AND_LOCAL,4.4,33256.0,22032.55340623291,1000000,Free,0.0,Everyone,Travel & Local,"July 31, 2018",0.0,0.0,0.0,0.0,0.0,July,31,2018
PGA TOUR,SPORTS,4.0,11151.0,53248.0,1000000,Free,0.0,Everyone,Sports,"June 27, 2018",0.0,0.0,0.0,0.0,0.0,June,27,2018
PJ Masks: Moonlight Heroes,FAMILY,4.4,86961.0,101376.0,10000000,Free,0.0,Everyone,Casual;Action & Adventure,"June 5, 2018",0.0,0.0,0.0,0.0,0.0,June,5,2018
PMHNP-BC Pocket Prep,MEDICAL,4.4,112.0,13312.0,1000,Free,0.0,Everyone,Medical,"July 12, 2018",0.0,0.0,0.0,0.0,0.0,July,12,2018
PTA Content Master,MEDICAL,4.2,64.0,41984.0,1000,Paid,29.99,Everyone,Medical,"December 22, 2015",0.0,0.0,0.0,0.0,0.0,December,22,2015
Papumba Academy - Fun Learning For Kids,FAMILY,4.4,496.0,96256.0,100000,Free,0.0,Everyone,Education;Education,"July 11, 2018",0.0,0.0,0.0,0.0,0.0,July,11,2018
Paramedic Protocol Provider,MEDICAL,4.5,171.0,20480.0,10000,Paid,10.0,Everyone 10+,Medical,"September 21, 2017",0.0,0.0,0.0,0.0,0.0,September,21,2017
Pedi STAT,MEDICAL,4.6,129.0,2969.6,10000,Paid,5.49,Everyone,Medical,"April 6, 2018",0.0,0.0,0.0,0.0,0.0,April,6,2018
Penn State Health OnDemand,MEDICAL,4.2,469993.8884224912,40960.0,50,Free,0.0,Everyone,Medical,"July 24, 2018",0.0,0.0,0.0,0.0,0.0,July,24,2018
Pinterest,SOCIAL,4.6,4305441.0,22032.55340623291,100000000,Free,0.0,Teen,Social,"August 3, 2018",0.0,0.0,0.0,0.0,0.0,August,3,2018
Planner Pro-Personal Organizer,PRODUCTIVITY,4.0,10270.0,8601.6,1000000,Free,0.0,Everyone,Productivity,"March 23, 2018",0.0,0.0,0.0,0.0,0.0,March,23,2018
Plants vs. Zombies FREE,GAME,4.4,4067651.0,70656.0,100000000,Free,0.0,Everyone 10+,Strategy,"July 6, 2018",0.0,0.0,0.0,0.0,0.0,July,6,2018
Pocket Yoga,HEALTH_AND_FITNESS,4.4,2107.0,22032.55340623291,100000,Paid,2.99,Everyone,Health & Fitness,"December 22, 2015",0.0,0.0,0.0,0.0,0.0,December,22,2015
"Polaris Office - Word, Docs, Sheets, Slide, PDF",PRODUCTIVITY,4.3,549900.0,61440.0,10000000,Free,0.0,Everyone,Productivity,"July 18, 2018",0.0,0.0,0.0,0.0,0.0,July,18,2018
Poshmark - Buy & Sell Fashion,SHOPPING,4.3,46153.0,17408.0,10000000,Free,0.0,Everyone,Shopping,"August 4, 2018",0.0,0.0,0.0,0.0,0.0,August,4,2018
Postmates Food Delivery: Order Eats & Alcohol,FOOD_AND_DRINK,3.6,22875.0,22528.0,1000000,Free,0.0,Everyone,Food & Drink,"July 27, 2018",0.0,0.0,0.0,0.0,0.0,July,27,2018
"Priceline Hotel Deals, Rental Cars & Flights",TRAVEL_AND_LOCAL,4.4,48930.0,15360.0,5000000,Free,0.0,Everyone,Travel & Local,"July 26, 2018",0.0,0.0,0.0,0.0,0.0,July,26,2018
Puffin Web Browser,COMMUNICATION,4.3,541389.0,22032.55340623291,10000000,Free,0.0,Everyone,Communication,"July 9, 2018",0.0,0.0,0.0,0.0,0.0,July,9,2018
Quick PDF Scanner + OCR FREE,BUSINESS,4.2,80805.0,22032.55340623291,5000000,Free,0.0,Everyone,Business,"February 26, 2018",0.0,0.0,0.0,0.0,0.0,February,26,2018
QuickBooks Accounting: Invoicing & Expenses,BUSINESS,4.3,23175.0,41984.0,1000000,Free,0.0,Everyone,Business,"July 13, 2018",0.0,0.0,0.0,0.0,0.0,July,13,2018
QuickPic - Photo Gallery with Google Drive Support,PHOTOGRAPHY,4.6,847159.0,4300.8,10000000,Free,0.0,Everyone,Photography,"November 10, 2017",0.0,0.0,0.0,0.0,0.0,November,10,2017
Quizlet: Learn Languages & Vocab with Flashcards,EDUCATION,4.6,211856.0,22032.55340623291,10000000,Free,0.0,Everyone,Education,"August 1, 2018",0.0,0.0,0.0,0.0,0.0,August,1,2018
RT 516 VET,MEDICAL,4.2,469993.8884224912,29696.0,10,Free,0.0,Everyone,Medical,"July 13, 2018",0.0,0.0,0.0,0.0,0.0,July,13,2018
Random Video Chat,DATING,4.0,3.0,16384.0,1000,Free,0.0,Mature 17+,Dating,"July 15, 2018",0.0,0.0,0.0,0.0,0.0,July,15,2018
Random Video Chat App With Strangers,DATING,4.0,3.0,4915.2,1000,Free,0.0,Mature 17+,Dating,"July 17, 2018",0.0,0.0,0.0,0.0,0.0,July,17,2018
Realtor.com Real Estate: Homes for Sale and Rent,HOUSE_AND_HOME,4.5,162243.0,12288.0,10000000,Free,0.0,Everyone,House & Home,"July 26, 2018",0.0,0.0,0.0,0.0,0.0,July,26,2018
Redfin Real Estate,HOUSE_AND_HOME,4.6,36857.0,19456.0,1000000,Free,0.0,Everyone,House & Home,"July 25, 2018",0.0,0.0,0.0,0.0,0.0,July,25,2018
Relax Meditation: Sleep with Sleep Sounds,HEALTH_AND_FITNESS,4.4,26540.0,44032.0,1000000,Free,0.0,Everyone,Health & Fitness,"February 9, 2017",0.0,0.0,0.0,0.0,0.0,February,9,2017
Relax Melodies: Sleep Sounds,HEALTH_AND_FITNESS,4.5,233243.0,22032.55340623291,5000000,Free,0.0,Everyone,Health & Fitness,"July 23, 2018",0.0,0.0,0.0,0.0,0.0,July,23,2018
"RetailMeNot - Coupons, Deals & Discount Shopping",SHOPPING,4.4,210208.0,22032.55340623291,10000000,Free,0.0,Everyone,Shopping,"August 1, 2018",0.0,0.0,0.0,0.0,0.0,August,1,2018
"Robinhood - Investing, No Fees",FINANCE,4.6,57493.0,22032.55340623291,1000000,Free,0.0,Everyone,Finance,"July 31, 2018",0.0,0.0,0.0,0.0,0.0,July,31,2018
Rosetta Stone: Learn to Speak & Read New Languages,EDUCATION,4.5,172508.0,77824.0,5000000,Free,0.0,Everyone,Education;Education,"June 27, 2018",0.0,0.0,0.0,0.0,0.0,June,27,2018
Run with Map My Run,HEALTH_AND_FITNESS,4.5,183669.0,58368.0,5000000,Free,0.0,Everyone,Health & Fitness,"July 27, 2018",0.0,0.0,0.0,0.0,0.0,July,27,2018
Runkeeper - GPS Track Run Walk,HEALTH_AND_FITNESS,4.5,501144.0,22032.55340623291,10000000,Free,0.0,Everyone,Health & Fitness,"July 16, 2018",0.0,0.0,0.0,0.0,0.0,July,16,2018
SHOWTIME,ENTERTAINMENT,4.2,12398.0,22032.55340623291,1000000,Free,0.0,Teen,Entertainment,"July 2, 2018",0.0,0.0,0.0,0.0,0.0,July,2,2018
STARZ,ENTERTAINMENT,4.3,88185.0,22032.55340623291,10000000,Free,0.0,Mature 17+,Entertainment,"June 20, 2018",0.0,0.0,0.0,0.0,0.0,June,20,2018
Sago Mini Babies,FAMILY,4.5,253.0,84992.0,10000,Paid,3.99,Everyone,Education;Pretend Play,"October 28, 2016",0.0,0.0,0.0,0.0,0.0,October,28,2016
Sago Mini Friends,FAMILY,4.4,13155.0,84992.0,1000000,Free,0.0,Everyone,Education;Pretend Play,"June 16, 2016",0.0,0.0,0.0,0.0,0.0,June,16,2016
"SayHi Chat, Meet New People",SOCIAL,4.2,423138.0,22032.55340623291,10000000,Free,0.0,Mature 17+,Social,"July 9, 2018",0.0,0.0,0.0,0.0,0.0,July,9,2018
Scarf Fashion Designer,LIFESTYLE,4.4,16637.0,10240.0,1000000,Free,0.0,Everyone,Lifestyle,"June 18, 2017",0.0,0.0,0.0,0.0,0.0,June,18,2017
School of Dragons,FAMILY,4.1,530792.0,22032.55340623291,10000000,Free,0.0,Everyone,Role Playing;Action & Adventure,"May 30, 2018",0.0,0.0,0.0,0.0,0.0,May,30,2018
Score! Hero,GAME,4.6,5419676.0,98304.0,100000000,Free,0.0,Everyone,Sports,"June 13, 2018",0.0,0.0,0.0,0.0,0.0,June,13,2018
ScriptSave WellRx Rx Discounts,MEDICAL,3.8,700.0,37888.0,100000,Free,0.0,Everyone,Medical,"June 21, 2018",0.0,0.0,0.0,0.0,0.0,June,21,2018
Seven - 7 Minute Workout Training Challenge,HEALTH_AND_FITNESS,4.5,75571.0,22032.55340623291,1000000,Free,0.0,Everyone,Health & Fitness,"August 3, 2018",0.0,0.0,0.0,0.0,0.0,August,3,2018
"Shopkick: Free Gift Cards, Shop Rewards & Deals",SHOPPING,4.3,213735.0,44032.0,10000000,Free,0.0,Everyone,Shopping,"July 24, 2018",0.0,0.0,0.0,0.0,0.0,July,24,2018
Shopkins World!,FAMILY,4.3,169609.0,34816.0,10000000,Free,0.0,Everyone,Arcade;Action & Adventure,"June 13, 2018",0.0,0.0,0.0,0.0,0.0,June,13,2018
"Shopular: Coupons, Weekly Ads & Shopping Deals",SHOPPING,4.7,57920.0,22032.55340623291,1000000,Free,0.0,Everyone,Shopping,"May 31, 2018",0.0,0.0,0.0,0.0,0.0,May,31,2018
"Shutterfly: Free Prints, Photo Books, Cards, Gifts",PHOTOGRAPHY,4.6,98716.0,60416.0,5000000,Free,0.0,Everyone,Photography,"August 1, 2018",0.0,0.0,0.0,0.0,0.0,August,1,2018
SignEasy | Sign and Fill PDF and other Documents,BUSINESS,4.3,8978.0,22032.55340623291,1000000,Free,0.0,Everyone,Business,"July 25, 2018",0.0,0.0,0.0,0.0,0.0,July,25,2018
Simple - Better Banking,FINANCE,4.4,7731.0,24576.0,100000,Free,0.0,Everyone,Finance,"August 2, 2018",0.0,0.0,0.0,0.0,0.0,August,2,2018
Simple Habit Meditation,HEALTH_AND_FITNESS,4.7,11689.0,20480.0,500000,Free,0.0,Everyone,Health & Fitness,"July 27, 2018",0.0,0.0,0.0,0.0,0.0,July,27,2018
Skype - free IM & video calls,COMMUNICATION,4.1,10484169.0,22032.55340623291,1000000000,Free,0.0,Everyone,Communication,"August 3, 2018",0.0,0.0,0.0,0.0,0.0,August,3,2018
Skyscanner,TRAVEL_AND_LOCAL,4.5,481546.0,29696.0,10000000,Free,0.0,Everyone,Travel & Local,"August 6, 2018",0.0,0.0,0.0,0.0,0.0,August,6,2018
Slack,BUSINESS,4.4,51507.0,22032.55340623291,5000000,Free,0.0,Everyone,Business,"August 2, 2018",0.0,0.0,0.0,0.0,0.0,August,2,2018
Slickdeals: Coupons & Shopping,SHOPPING,4.5,33583.0,12288.0,1000000,Free,0.0,Everyone,Shopping,"July 30, 2018",0.0,0.0,0.0,0.0,0.0,July,30,2018
SnipSnap Coupon App,SHOPPING,4.2,9975.0,18432.0,1000000,Free,0.0,Everyone,Shopping,"January 22, 2018",0.0,0.0,0.0,0.0,0.0,January,22,2018
Sniper 3D Gun Shooter: Free Shooting Games - FPS,GAME,4.6,7672495.0,22032.55340623291,100000000,Free,0.0,Mature 17+,Action,"August 2, 2018",0.0,0.0,0.0,0.0,0.0,August,2,2018
Sniper 3D Gun Shooter: Free Shooting Games - FPS,GAME,4.6,7674252.0,22032.55340623291,100000000,Free,0.0,Mature 17+,Action,"August 2, 2018",0.0,0.0,0.0,0.0,0.0,August,2,2018
Socratic - Math Answers & Homework Help,EDUCATION,4.6,37862.0,5529.6,1000000,Free,0.0,Everyone,Education,"June 7, 2018",0.0,0.0,0.0,0.0,0.0,June,7,2018
Sounds for Toddlers FREE,FAMILY,4.4,6190.0,23552.0,1000000,Free,0.0,Everyone,Educational;Education,"August 24, 2015",0.0,0.0,0.0,0.0,0.0,August,24,2015
Southwest Airlines,TRAVEL_AND_LOCAL,3.9,24781.0,8499.2,5000000,Free,0.0,Everyone,Travel & Local,"July 11, 2018",0.0,0.0,0.0,0.0,0.0,July,11,2018
Strawberry Shortcake BerryRush,FAMILY,4.3,525552.0,49152.0,10000000,Free,0.0,Everyone,Action;Action & Adventure,"October 15, 2017",0.0,0.0,0.0,0.0,0.0,October,15,2017
StyleSeat,LIFESTYLE,4.7,20304.0,24576.0,500000,Free,0.0,Everyone,Lifestyle,"July 31, 2018",0.0,0.0,0.0,0.0,0.0,July,31,2018
Subway Surfers,GAME,4.5,27725352.0,77824.0,1000000000,Free,0.0,Everyone 10+,Arcade,"July 12, 2018",0.0,0.0,0.0,0.0,0.0,July,12,2018
Sudy â€“ Meet Elite & Rich Single,DATING,4.1,17268.0,40960.0,500000,Free,0.0,Mature 17+,Dating,"June 25, 2018",0.0,0.0,0.0,0.0,0.0,June,25,2018
Super ABC! Learning games for kids! Preschool apps,FAMILY,4.6,20267.0,47104.0,1000000,Free,0.0,Everyone,Educational;Education,"July 16, 2018",0.0,0.0,0.0,0.0,0.0,July,16,2018
Super Hearing Super Ear Amplifier,MEDICAL,4.1,21.0,20480.0,1000,Free,0.0,Everyone,Medical,"June 11, 2018",0.0,0.0,0.0,0.0,0.0,June,11,2018
Sway Medical,MEDICAL,5.0,3.0,22528.0,100,Free,0.0,Everyone,Medical,"July 25, 2018",0.0,0.0,0.0,0.0,0.0,July,25,2018
TED,EDUCATION,4.6,181893.0,18432.0,10000000,Free,0.0,Everyone 10+,Education,"July 27, 2018",0.0,0.0,0.0,0.0,0.0,July,27,2018
TO-FU Oh!SUSHI,FAMILY,4.1,59917.0,94208.0,5000000,Free,0.0,Everyone,Education;Pretend Play,"July 31, 2018",0.0,0.0,0.0,0.0,0.0,July,31,2018
Talkray - Free Calls & Texts,COMMUNICATION,4.2,244863.0,22032.55340623291,10000000,Free,0.0,Everyone,Communication,"May 29, 2018",0.0,0.0,0.0,0.0,0.0,May,29,2018
Tango - Live Video Broadcast,SOCIAL,4.3,3806669.0,22032.55340623291,100000000,Free,0.0,Mature 17+,Social,"August 1, 2018",0.0,0.0,0.0,0.0,0.0,August,1,2018
Target - now with Cartwheel,SHOPPING,4.1,68406.0,24576.0,10000000,Free,0.0,Everyone,Shopping,"July 25, 2018",0.0,0.0,0.0,0.0,0.0,July,25,2018
Tee and Mo Bath Time Free,FAMILY,3.6,418.0,99328.0,100000,Free,0.0,Everyone,Educational;Education,"November 7, 2016",0.0,0.0,0.0,0.0,0.0,November,7,2016
Teladoc Member,MEDICAL,4.0,2094.0,23552.0,500000,Free,0.0,Everyone,Medical,"July 26, 2018",0.0,0.0,0.0,0.0,0.0,July,26,2018
Telemundo Now,ENTERTAINMENT,3.9,8674.0,19456.0,1000000,Free,0.0,Teen,Entertainment,"May 25, 2018",0.0,0.0,0.0,0.0,0.0,May,25,2018
Temple Run 2,GAME,4.3,8118937.0,63488.0,500000000,Free,0.0,Everyone,Action,"July 5, 2018",0.0,0.0,0.0,0.0,0.0,July,5,2018
Text Free: WiFi Calling App,SOCIAL,4.2,83488.0,22032.55340623291,5000000,Free,0.0,Everyone,Social,"July 24, 2018",0.0,0.0,0.0,0.0,0.0,July,24,2018
TextNow - free text + calls,SOCIAL,4.4,441189.0,22032.55340623291,10000000,Free,0.0,Everyone,Social,"August 3, 2018",0.0,0.0,0.0,0.0,0.0,August,3,2018
The CW,ENTERTAINMENT,4.4,288150.0,21504.0,5000000,Free,0.0,Teen,Entertainment,"July 23, 2018",0.0,0.0,0.0,0.0,0.0,July,23,2018
The Coupons App,SHOPPING,4.5,181990.0,22032.55340623291,10000000,Free,0.0,Everyone,Shopping,"April 27, 2018",0.0,0.0,0.0,0.0,0.0,April,27,2018
The Wall Street Journal: Business & Market News,NEWS_AND_MAGAZINES,4.1,40975.0,36864.0,1000000,Free,0.0,Everyone 10+,News & Magazines,"August 2, 2018",0.0,0.0,0.0,0.0,0.0,August,2,2018
Thomas & Friends: Race On!,FAMILY,4.1,29319.0,26624.0,5000000,Free,0.0,Everyone,Casual;Action & Adventure,"May 18, 2018",0.0,0.0,0.0,0.0,0.0,May,18,2018
"TickTick: To Do List with Reminder, Day Planner",PRODUCTIVITY,4.6,25370.0,22032.55340623291,1000000,Free,0.0,Everyone,Productivity,"August 6, 2018",0.0,0.0,0.0,0.0,0.0,August,6,2018
Tiny Scanner - PDF Scanner App,BUSINESS,4.7,286897.0,39936.0,10000000,Free,0.0,Everyone,Business,"May 30, 2017",0.0,0.0,0.0,0.0,0.0,May,30,2017
Tiny Scanner Pro: PDF Doc Scan,BUSINESS,4.8,10295.0,39936.0,100000,Paid,4.99,Everyone,Business,"April 11, 2017",0.0,0.0,0.0,0.0,0.0,April,11,2017
To-Do Calendar Planner,PRODUCTIVITY,4.2,30291.0,22032.55340623291,1000000,Free,0.0,Everyone,Productivity,"May 29, 2018",0.0,0.0,0.0,0.0,0.0,May,29,2018
Todoist: To-do lists for task management & errands,PRODUCTIVITY,4.5,155999.0,12288.0,10000000,Free,0.0,Everyone,Productivity,"August 5, 2018",0.0,0.0,0.0,0.0,0.0,August,5,2018
Transenger â€“ Ts Dating and Chat for Free,DATING,3.6,8.0,14336.0,1000,Free,0.0,Mature 17+,Dating,"July 29, 2018",0.0,0.0,0.0,0.0,0.0,July,29,2018
TripAdvisor Hotels Flights Restaurants Attractions,TRAVEL_AND_LOCAL,4.4,1162837.0,22032.55340623291,100000000,Free,0.0,Everyone,Travel & Local,"August 4, 2018",0.0,0.0,0.0,0.0,0.0,August,4,2018
Trulia Real Estate & Rentals,HOUSE_AND_HOME,4.5,175293.0,22032.55340623291,10000000,Free,0.0,Everyone,House & Home,"July 24, 2018",0.0,0.0,0.0,0.0,0.0,July,24,2018
Tubi TV - Free Movies & TV,ENTERTAINMENT,4.3,296771.0,11264.0,10000000,Free,0.0,Teen,Entertainment,"July 15, 2018",0.0,0.0,0.0,0.0,0.0,July,15,2018
TurboScan: scan documents and receipts in PDF,BUSINESS,4.7,11442.0,6963.2,100000,Paid,4.99,Everyone,Business,"March 25, 2018",0.0,0.0,0.0,0.0,0.0,March,25,2018
Twitter,NEWS_AND_MAGAZINES,4.3,11667403.0,22032.55340623291,500000000,Free,0.0,Mature 17+,News & Magazines,"August 6, 2018",0.0,0.0,0.0,0.0,0.0,August,6,2018
UC Browser - Fast Download Private & Secure,COMMUNICATION,4.5,17712922.0,40960.0,500000000,Free,0.0,Teen,Communication,"August 2, 2018",0.0,0.0,0.0,0.0,0.0,August,2,2018
UFC,SPORTS,4.0,30840.0,22032.55340623291,1000000,Free,0.0,Teen,Sports,"May 22, 2018",0.0,0.0,0.0,0.0,0.0,May,22,2018
US Open Tennis Championships 2018,SPORTS,4.0,9971.0,33792.0,1000000,Free,0.0,Everyone,Sports,"June 5, 2018",0.0,0.0,0.0,0.0,0.0,June,5,2018
USA TODAY,NEWS_AND_MAGAZINES,4.1,49259.0,22032.55340623291,5000000,Free,0.0,Everyone 10+,News & Magazines,"August 2, 2018",0.0,0.0,0.0,0.0,0.0,August,2,2018
Udacity - Lifelong Learning,EDUCATION,4.3,22384.0,17408.0,1000000,Free,0.0,Everyone,Education,"July 31, 2018",0.0,0.0,0.0,0.0,0.0,July,31,2018
Udemy - Online Courses,EDUCATION,4.5,99020.0,18432.0,1000000,Free,0.0,Everyone,Education,"August 2, 2018",0.0,0.0,0.0,0.0,0.0,August,2,2018
United Airlines,TRAVEL_AND_LOCAL,3.5,30447.0,81920.0,5000000,Free,0.0,Everyone,Travel & Local,"July 20, 2018",0.0,0.0,0.0,0.0,0.0,July,20,2018
VH1,ENTERTAINMENT,4.1,27424.0,17408.0,1000000,Free,0.0,Teen,Entertainment,"July 8, 2018",0.0,0.0,0.0,0.0,0.0,July,8,2018
Vaniday - Beauty Booking App,LIFESTYLE,3.6,1067.0,22032.55340623291,100000,Free,0.0,Everyone,Lifestyle,"March 20, 2018",0.0,0.0,0.0,0.0,0.0,March,20,2018
Vargo Anesthesia Mega App,MEDICAL,4.6,92.0,32768.0,1000,Paid,79.99,Everyone,Medical,"June 18, 2018",0.0,0.0,0.0,0.0,0.0,June,18,2018
Viber Messenger,COMMUNICATION,4.3,11334973.0,22032.55340623291,500000000,Free,0.0,Everyone,Communication,"July 18, 2018",0.0,0.0,0.0,0.0,0.0,July,18,2018
Viki: Asian TV Dramas & Movies,ENTERTAINMENT,4.3,407719.0,22032.55340623291,10000000,Free,0.0,Teen,Entertainment,"July 27, 2018",0.0,0.0,0.0,0.0,0.0,July,27,2018
Walmart,SHOPPING,4.4,441473.0,22032.55340623291,10000000,Free,0.0,Everyone,Shopping,"July 30, 2018",0.0,0.0,0.0,0.0,0.0,July,30,2018
Wanelo Shopping,SHOPPING,4.6,94205.0,6656.0,1000000,Free,0.0,Everyone,Shopping,"June 13, 2018",0.0,0.0,0.0,0.0,0.0,June,13,2018
WatchESPN,SPORTS,4.1,288809.0,6758.4,10000000,Free,0.0,Everyone,Sports,"September 27, 2017",0.0,0.0,0.0,0.0,0.0,September,27,2017
WeChat,COMMUNICATION,4.2,5387446.0,22032.55340623291,100000000,Free,0.0,Everyone,Communication,"July 31, 2018",0.0,0.0,0.0,0.0,0.0,July,31,2018
Weight Loss Running by Verv,HEALTH_AND_FITNESS,4.5,27396.0,60416.0,1000000,Free,0.0,Mature 17+,Health & Fitness,"July 16, 2018",0.0,0.0,0.0,0.0,0.0,July,16,2018
Weight Loss Tracker - RecStyle,HEALTH_AND_FITNESS,4.4,20547.0,5836.8,1000000,Free,0.0,Everyone,Health & Fitness,"November 29, 2017",0.0,0.0,0.0,0.0,0.0,November,29,2017
Weight Watchers Mobile,HEALTH_AND_FITNESS,4.2,270294.0,59392.0,5000000,Free,0.0,Everyone,Health & Fitness,"July 31, 2018",0.0,0.0,0.0,0.0,0.0,July,31,2018
Wells Fargo Daily Change,FINANCE,4.2,283.0,5120.0,100000,Free,0.0,Everyone,Finance,"April 26, 2018",0.0,0.0,0.0,0.0,0.0,April,26,2018
WhatsApp Messenger,COMMUNICATION,4.4,69119316.0,22032.55340623291,1000000000,Free,0.0,Everyone,Communication,"August 3, 2018",0.0,0.0,0.0,0.0,0.0,August,3,2018
Wheretoget: Shop in style,LIFESTYLE,4.1,6808.0,12288.0,500000,Free,0.0,Teen,Lifestyle,"June 5, 2017",0.0,0.0,0.0,0.0,0.0,June,5,2017
Wish - Shopping Made Fun,SHOPPING,4.5,6211039.0,15360.0,100000000,Free,0.0,Everyone,Shopping,"August 3, 2018",0.0,0.0,0.0,0.0,0.0,August,3,2018
Wordscapes,GAME,4.8,230727.0,89088.0,10000000,Free,0.0,Everyone,Word,"August 2, 2018",0.0,0.0,0.0,0.0,0.0,August,2,2018
Workout Trainer: fitness coach,HEALTH_AND_FITNESS,4.2,100406.0,22032.55340623291,10000000,Free,0.0,Everyone,Health & Fitness,"June 30, 2018",0.0,0.0,0.0,0.0,0.0,June,30,2018
Wunderlist: To-Do List & Tasks,PRODUCTIVITY,4.6,404610.0,22032.55340623291,10000000,Free,0.0,Everyone,Productivity,"April 6, 2018",0.0,0.0,0.0,0.0,0.0,April,6,2018
Xero Accounting Software,BUSINESS,3.5,2111.0,22032.55340623291,100000,Free,0.0,Everyone,Business,"July 30, 2018",0.0,0.0,0.0,0.0,0.0,July,30,2018
Yahoo Fantasy Sports - #1 Rated Fantasy App,SPORTS,4.2,277904.0,22032.55340623291,5000000,Free,0.0,Mature 17+,Sports,"August 2, 2018",0.0,0.0,0.0,0.0,0.0,August,2,2018
"Yahoo Sports - scores, stats, news, & highlights",SPORTS,4.5,32386.0,19456.0,1000000,Free,0.0,Everyone,Sports,"August 1, 2018",0.0,0.0,0.0,0.0,0.0,August,1,2018
YouCam Perfect - Selfie Photo Editor,PHOTOGRAPHY,4.5,1579287.0,22032.55340623291,100000000,Free,0.0,Everyone,Photography,"July 25, 2018",0.0,0.0,0.0,0.0,0.0,July,25,2018
ZALORA Fashion Shopping,SHOPPING,4.2,142512.0,15360.0,10000000,Free,0.0,Everyone,Shopping,"July 25, 2018",0.0,0.0,0.0,0.0,0.0,July,25,2018
ZEDGEâ„¢ Ringtones & Wallpapers,PERSONALIZATION,4.6,6466641.0,22032.55340623291,100000000,Free,0.0,Teen,Personalization,"July 19, 2018",0.0,0.0,0.0,0.0,0.0,July,19,2018
ZOOM Cloud Meetings,BUSINESS,4.4,31614.0,37888.0,10000000,Free,0.0,Everyone,Business,"July 20, 2018",0.0,0.0,0.0,0.0,0.0,July,20,2018
Zappos â€“ Shoe shopping made simple,SHOPPING,4.5,44588.0,20480.0,5000000,Free,0.0,Everyone,Shopping,"July 12, 2018",0.0,0.0,0.0,0.0,0.0,July,12,2018
Zenefits,BUSINESS,4.2,296.0,14336.0,50000,Free,0.0,Everyone,Business,"June 15, 2018",0.0,0.0,0.0,0.0,0.0,June,15,2018
Zillow: Find Houses for Sale & Apartments for Rent,HOUSE_AND_HOME,4.5,417907.0,34816.0,10000000,Free,0.0,Everyone,House & Home,"August 1, 2018",0.0,0.0,0.0,0.0,0.0,August,1,2018
"busuu: Learn Languages - Spanish, English & More",EDUCATION,4.3,206532.0,21504.0,10000000,Free,0.0,Everyone 10+,Education,"August 1, 2018",0.0,0.0,0.0,0.0,0.0,August,1,2018
eBay: Buy & Sell this Summer - Discover Deals Now!,SHOPPING,4.4,2788923.0,22032.55340623291,100000000,Free,0.0,Teen,Shopping,"July 30, 2018",0.0,0.0,0.0,0.0,0.0,July,30,2018
fred's Pharmacy,MEDICAL,3.0,315.0,22528.0,100000,Free,0.0,Everyone,Medical,"October 10, 2017",0.0,0.0,0.0,0.0,0.0,October,10,2017
free video calls and chat,COMMUNICATION,4.2,594728.0,22032.55340623291,50000000,Free,0.0,Everyone,Communication,"July 19, 2018",0.0,0.0,0.0,0.0,0.0,July,19,2018
iBP Blood Pressure,MEDICAL,4.4,578.0,704.0,10000,Paid,0.99,Everyone,Medical,"November 30, 2014",0.0,0.0,0.0,0.0,0.0,November,30,2014
"iPair-Meet, Chat, Dating",DATING,4.5,182986.0,78848.0,5000000,Free,0.0,Mature 17+,Dating,"August 2, 2018",0.0,0.0,0.0,0.0,0.0,August,2,2018
imo beta free calls and text,COMMUNICATION,4.3,659395.0,11264.0,100000000,Free,0.0,Everyone,Communication,"June 7, 2018",0.0,0.0,0.0,0.0,0.0,June,7,2018
imo free video calls and chat,COMMUNICATION,4.3,4785892.0,11264.0,500000000,Free,0.0,Everyone,Communication,"June 8, 2018",0.0,0.0,0.0,0.0,0.0,June,8,2018
imo free video calls and chat,COMMUNICATION,4.3,4785988.0,11264.0,500000000,Free,0.0,Everyone,Communication,"June 8, 2018",0.0,0.0,0.0,0.0,0.0,June,8,2018
join.me - Simple Meetings,BUSINESS,4.0,6989.0,22032.55340623291,1000000,Free,0.0,Everyone,Business,"July 16, 2018",0.0,0.0,0.0,0.0,0.0,July,16,2018
"muzmatch: Muslim & Arab Singles, Marriage & Dating",DATING,3.8,5164.0,25600.0,100000,Free,0.0,Mature 17+,Dating,"July 24, 2018",0.0,0.0,0.0,0.0,0.0,July,24,2018
mySugr: the blood sugar tracker made just for you,MEDICAL,4.6,21189.0,36864.0,1000000,Free,0.0,Everyone,Medical,"August 6, 2018",0.0,0.0,0.0,0.0,0.0,August,6,2018
slither.io,GAME,4.4,5235294.0,22032.55340623291,100000000,Free,0.0,Everyone,Action,"November 14, 2017",0.0,0.0,0.0,0.0,0.0,November,14,2017
"theScore: Live Sports Scores, News, Stats & Videos",SPORTS,4.4,133825.0,34816.0,10000000,Free,0.0,Everyone 10+,Sports,"July 25, 2018",0.0,0.0,0.0,0.0,0.0,July,25,2018
"theScore: Live Sports Scores, News, Stats & Videos",SPORTS,4.4,133833.0,34816.0,10000000,Free,0.0,Everyone 10+,Sports,"July 25, 2018",0.0,0.0,0.0,0.0,0.0,July,25,2018
trivago: Hotels & Travel,TRAVEL_AND_LOCAL,4.2,219848.0,22032.55340623291,50000000,Free,0.0,Everyone,Travel & Local,"August 2, 2018",0.0,0.0,0.0,0.0,0.0,August,2,2018
